Group,average,std_dev
group1,2066.9357595132747,10.12257242075803
group2,2048.7630069137167,5.543063012510116
group3,1975.4152980088497,1.734522139921503
group4,2049.173286681416,5.2214521226119945
